Start	End	StartM	EndM	length	lengthM	ch	StartBP	EndBP	iid1	iid2
410	1260	0.061025	0.14932100474834442	850	0.088296	19	1707526	4350311	results/01_atlas/I0048	results/01_atlas/I0013
4146	5981	0.34272199869155884	0.4562860131263733	1835	0.11356401443481445	19	13472583	19037053	results/01_atlas/I0048	results/01_atlas/I0013
13648	14912	0.744484007358551	0.82396399974823	1264	0.07947999238967896	19	47049928	51037075	results/01_atlas/I0048	results/01_atlas/I0013
166	817	0.023339	0.09791299700737	651	0.07457399	19	760302	2941558	results/01_atlas/I0048	FAM001_ID001
2548	5954	0.2528899908065796	0.4550020098686218	3406	0.20211201906204224	19	7827576	18904283	results/01_atlas/I0048	FAM001_ID001
8370	10531	0.5228840112686157	0.6124820113182068	2161	0.08959800004959106	19	30821304	36007269	results/01_atlas/I0048	FAM001_ID001
11681	13342	0.6476179957389832	0.72918301820755	1661	0.0815650224685669	19	40182242	46172278	results/01_atlas/I0048	FAM001_ID001
14172	16164	0.7805250287055969	0.9154809713363647	1992	0.13495594263076782	19	48702219	53697937	results/01_atlas/I0048	FAM001_ID001
16258	18440	0.9238190054893494	1.0773160457611084	2182	0.15349704027175903	19	53905847	59087479	results/01_atlas/I0048	FAM001_ID001
416	1540	0.062821	0.16724799573421478	1124	0.104426995	19	1732791	5189268	results/01_atlas/I0013	FAM001_ID001
1632	6217	0.1768520027399063	0.46437498927116394	4585	0.28752298653125763	19	5435309	19849713	results/01_atlas/I0013	FAM001_ID001
10979	13044	0.6261770129203796	0.7067130208015442	2065	0.08053600788116455	19	37854235	45196135	results/01_atlas/I0013	FAM001_ID001
13590	16330	0.741150975227356	0.9273539781570435	2740	0.1862030029296875	19	46908278	54042866	results/01_atlas/I0013	FAM001_ID001
