Start	End	StartM	EndM	length	lengthM	ch	StartBP	EndBP	iid1	iid2
129	4086	0.005751	0.2062849998474121	3957	0.200534	2	405938	7962780	results/01_atlas/I0048	FAM001_ID001
50408	52584	1.4527419805526733	1.530271053314209	2176	0.07752907276153564	2	127503457	133988163	results/01_atlas/I0048	FAM001_ID001
79804	82955	2.1858229637145996	2.276045083999634	3151	0.09022212028503418	2	211914804	218729865	results/01_atlas/I0048	FAM001_ID001
88702	91924	2.4607489109039307	2.5903279781341553	3222	0.1295790672302246	2	231725311	238209382	results/01_atlas/I0048	FAM001_ID001
399	6355	0.010922	0.32029199600219727	5956	0.30936998	2	843960	12293125	results/01_atlas/I0013	FAM001_ID001
16115	18712	0.5972219705581665	0.6618670225143433	2597	0.06464505195617676	2	34821990	40336210	results/01_atlas/I0013	FAM001_ID001
43587	45038	1.2683000564575195	1.3290679454803467	1451	0.06076788902282715	2	108157513	113569345	results/01_atlas/I0013	FAM001_ID001
61291	64614	1.7221070528030396	1.7906310558319092	3323	0.06852400302886963	2	157598678	167032371	results/01_atlas/I0013	FAM001_ID001
65866	68436	1.8216840028762817	1.911674976348877	2570	0.08999097347259521	2	169997051	176717741	results/01_atlas/I0013	FAM001_ID001
75090	77948	2.0706350803375244	2.1382460594177246	2858	0.0676109790802002	2	198080380	206657916	results/01_atlas/I0013	FAM001_ID001
85358	87453	2.357628107070923	2.4217309951782227	2095	0.0641028881072998	2	224204238	228968345	results/01_atlas/I0013	FAM001_ID001
