Start	End	StartM	EndM	length	lengthM	ch	StartBP	EndBP	iid1	iid2
1781	3380	0.086941	0.15601299703121185	1599	0.069072	5	3508541	6161673	results/01_atlas/I0048	FAM001_ID001
24877	27149	0.7444080114364624	0.8233709931373596	2272	0.07896298170089722	5	66278714	73506111	results/01_atlas/I0048	FAM001_ID001
68031	69348	1.9664249420166016	2.0407838821411133	1317	0.07435894012451172	5	177535370	180679117	results/01_atlas/I0048	FAM001_ID001
816	5209	0.040242	0.21369999647140503	4393	0.173458	5	2156561	9453089	results/01_atlas/I0013	FAM001_ID001
5611	10737	0.2329770028591156	0.3913950026035309	5126	0.15841799974441528	5	10162790	24358026	results/01_atlas/I0013	FAM001_ID001
29579	31775	0.9110950231552124	0.9788879752159119	2196	0.06779295206069946	5	79074557	85119481	results/01_atlas/I0013	FAM001_ID001
44033	47046	1.2459360361099243	1.3296159505844116	3013	0.0836799144744873	5	120683069	128008356	results/01_atlas/I0013	FAM001_ID001
52898	55149	1.470715045928955	1.542199969291687	2251	0.07148492336273193	5	144373766	149331638	results/01_atlas/I0013	FAM001_ID001
