Start	End	StartM	EndM	length	lengthM	ch	StartBP	EndBP	iid1	iid2
56559	61193	1.316509	1.4539079666137695	4634	0.13739896	6	130277050	140733855	results/01_atlas/I0048	FAM001_ID001
6558	8561	0.255823	0.320127010345459	2003	0.064304024	6	11659386	15350455	results/01_atlas/I0013	FAM001_ID001
55100	58849	1.285964012145996	1.380661964416504	3749	0.09469795227050781	6	126151000	135081569	results/01_atlas/I0013	FAM001_ID001
67354	68844	1.6221790313720703	1.6837420463562012	1490	0.06156301498413086	6	154466818	158085131	results/01_atlas/I0013	FAM001_ID001
70921	73213	1.7422269582748413	1.8256189823150635	2292	0.08339202404022217	6	162176899	166231573	results/01_atlas/I0013	FAM001_ID001
